,id,time,name
0,124779522600,2023-02-17T05:12:18+0000,FPT Information System
1,546769628762441,2022-11-23T09:31:09+0000,Germany Football Team
2,103381441299412,2022-09-14T13:10:53+0000,NODA - Phụng sự khởi nghiệp Xanh
3,282405086030376,2022-07-26T08:37:15+0000,Espresso
4,641220792561339,2022-01-24T17:47:51+0000,Món Ngon Hải Phòng
5,147139125299045,2021-07-28T13:20:47+0000,Tìm kiếm CEO tương lai
6,140144812679554,2021-06-05T18:01:31+0000,Địa điểm ăn uống
7,274321456032810,2020-12-17T15:04:28+0000,Texas Chicken Vietnam
8,668284516663111,2020-09-30T15:05:59+0000,Bookiee - Sách là niềm vui
9,110042004010644,2020-08-30T12:53:32+0000,STAY 17
10,290877414599820,2020-03-21T07:21:34+0000,HỌC TIẾNG ĐỨC - Từ Nước Đức
11,210695369058001,2019-12-14T13:56:46+0000,Foody.vn
12,631595120690181,2019-12-05T04:11:03+0000,Dân tộc Đức - Hành trình văn hoá và lịch sử
13,252891408454022,2019-11-02T08:44:29+0000,Taste Life
14,138448789630704,2019-10-29T15:44:26+0000,VGU Robotics & Electronics Club - REC
15,105264354186108,2019-10-21T16:33:42+0000,1977 Vlog
16,1103745836342771,2019-08-28T14:01:44+0000,VGU Ultimate Frisbee Club
17,624795364207243,2019-07-30T07:22:08+0000,VGU PR & Event Team - Presto
18,139273609454089,2019-06-13T02:17:11+0000,Vietnamese-German University VGU
19,153690848014058,2019-04-29T10:16:52+0000,Thánh Riviu - Riviu.vn
20,180123652332305,2019-01-13T10:15:48+0000,Nike Factory Store Hoang Dieu
21,260677151012460,2019-01-12T16:23:52+0000,Crimson Education
22,256107687771505,2018-11-29T13:46:25+0000,Key & Peele
23,476255366125407,2018-10-30T15:14:51+0000,Năng Khiếu Express - NKX
24,311573099639249,2018-10-25T16:49:30+0000,PTNK Cursed Image
25,130136833750497,2018-10-18T10:01:19+0000,IELTS Official
26,140284136008345,2018-10-06T06:40:26+0000,Awaken Your Power
27,511088052277392,2018-07-16T05:12:52+0000,Tony Buổi Sáng
28,203861906764524,2018-05-16T14:50:00+0000,Help Heal Share Organization - HHSO
29,270411656307097,2018-04-05T16:25:43+0000,Johnny English
30,561460970568813,2018-03-08T03:05:37+0000,Du học Confessions
31,751314268293934,2018-02-27T16:39:00+0000,Kiến thức là vô tận
32,244760062202727,2018-02-06T03:30:28+0000,Ciuffi Rossi
33,268804973206677,2018-01-25T08:43:35+0000,Tastemade
34,191358731607372,2018-01-16T09:33:26+0000,Be U
35,21785951839,2017-12-16T04:04:37+0000,9GAG
36,291314267935345,2017-10-20T18:25:05+0000,BigO Coding - Học thuật toán với chuyên gia
37,1494731297498009,2017-10-17T17:57:24+0000,Insider Food
38,662720053867254,2017-09-26T09:33:12+0000,Programming Geeks
39,241806149201604,2017-09-26T09:32:24+0000,"I am Programmer,I have no life."
40,1413475698959824,2017-08-24T22:07:59+0000,Insider
41,617322571730292,2017-06-26T16:30:27+0000,Tony Buổi Sáng Online
42,1675599646067348,2017-06-05T20:35:51+0000,Cookat Việt Nam
43,116529085375415,2017-05-30T07:16:19+0000,Tôi đi code dạo
44,272622229766477,2016-09-11T16:05:11+0000,PTNK Photography Club
45,155178231358885,2016-07-03T15:36:58+0000,Đội Văn Nghệ trường Phổ thông Năng Khiếu
46,339314506156138,2016-07-03T15:35:24+0000,PTNK Harmonica Club
47,513876128714922,2016-06-26T18:02:33+0000,ESC - English Speaking Club
48,780885081976381,2016-06-23T17:18:29+0000,PTNK Collection
49,425082360860583,2016-06-21T17:23:36+0000,PTNK Sports
50,488035214559138,2016-06-19T15:52:09+0000,Trấn Thành
51,257513944298288,2016-06-16T04:58:16+0000,Phổ Thông Năng Khiếu
52,116244191727632,2016-06-14T14:59:09+0000,PTNK
53,530292533681663,2016-06-13T07:49:44+0000,PTNK Confession
